{
  "model_name": "Permutation Decision Tree",
  "created_at": "2026-06-01T11:10:17.734432+00:00",
  "csv_path": "data/Binance_BTCUSDT_2026_minute.csv",
  "model_path": "models/pdt_btc_direction_smoke.joblib",
  "horizon_minutes": 10,
  "train_tail_limit": 5000,
  "feature_columns": [
    "open",
    "high",
    "low",
    "close",
    "volume",
    "return_1",
    "return_3",
    "return_5",
    "return_10",
    "candle_body",
    "candle_range",
    "upper_shadow",
    "lower_shadow",
    "sma_10",
    "sma_20",
    "sma_50",
    "ema_10",
    "ema_20",
    "ema_50",
    "sma_10_20_diff",
    "sma_20_50_diff",
    "ema_10_20_diff",
    "ema_20_50_diff",
    "close_sma_10_ratio",
    "close_sma_20_ratio",
    "close_sma_50_ratio",
    "rsi_14",
    "volatility_10",
    "volatility_30",
    "volume_change",
    "volume_mean_ratio_10",
    "volume_mean_ratio_30"
  ],
  "selected_params": {
    "max_depth": 4,
    "min_samples_leaf": 250,
    "max_thresholds": 32,
    "etc_sample_limit": 1024
  },
  "raw_rows": 5000,
  "split_rows": {
    "train": 3441,
    "validation": 691,
    "test": 691
  },
  "class_balance": {
    "train_final": {
      "DOWN": 2060,
      "UP": 2072,
      "DOWN_share": 0.4985479186834463,
      "UP_share": 0.5014520813165537
    },
    "validation": {
      "DOWN": 347,
      "UP": 344,
      "DOWN_share": 0.5021707670043415,
      "UP_share": 0.49782923299565845
    },
    "test": {
      "DOWN": 355,
      "UP": 336,
      "DOWN_share": 0.5137481910274964,
      "UP_share": 0.48625180897250364
    }
  },
  "metrics": {
    "train": {
      "accuracy": 0.5651016456921588,
      "balanced_accuracy": 0.5653460846422012,
      "precision": 0.5799883653286795,
      "recall": 0.4811776061776062,
      "f1": 0.5259825903455553,
      "confusion_matrix": [
        [
          1338,
          722
        ],
        [
          1075,
          997
        ]
      ]
    },
    "validation": {
      "accuracy": 0.6034732272069464,
      "balanced_accuracy": 0.6032395616915756,
      "precision": 0.6136363636363636,
      "recall": 0.5494186046511628,
      "f1": 0.5797546012269938,
      "confusion_matrix": [
        [
          228,
          119
        ],
        [
          155,
          189
        ]
      ]
    },
    "test": {
      "accuracy": 0.492040520984081,
      "balanced_accuracy": 0.5005365526492287,
      "precision": 0.4865831842576029,
      "recall": 0.8095238095238095,
      "f1": 0.6078212290502794,
      "confusion_matrix": [
        [
          68,
          287
        ],
        [
          64,
          272
        ]
      ]
    },
    "baseline": {
      "majority_class": {
        "accuracy": 0.48625180897250364,
        "balanced_accuracy": 0.5,
        "precision": 0.48625180897250364,
        "recall": 1.0,
        "f1": 0.6543330087633885,
        "confusion_matrix": [
          [
            0,
            355
          ],
          [
            0,
            336
          ]
        ]
      },
      "previous_direction": {
        "accuracy": 0.5094066570188133,
        "balanced_accuracy": 0.5089159959758551,
        "precision": 0.4954954954954955,
        "recall": 0.49107142857142855,
        "f1": 0.49327354260089684,
        "confusion_matrix": [
          [
            187,
            168
          ],
          [
            171,
            165
          ]
        ]
      }
    }
  }
}